ClassName,WMC,DIT,NOC,CBO,RFC,LCOM,Ca,NPM ,10
com.ntou.APIApplication,2,1,0,2,4,1,0,2,
com.ntou.exceptions.TException,1,3,0,2,4,0,0,1,
com.ntou.spec.SvcRes,10,1,0,2,15,39,0,9,
com.ntou.tool.Common,1,1,0,0,2,0,0,1,
com.ntou.tool.DateTool,5,1,0,0,15,10,0,5,
com.ntou.tool.ExecutionTimer$ExecutionModule,9,2,0,2,18,22,0,5,
com.ntou.tool.ExecutionTimer,7,1,0,3,38,0,0,4,
com.ntou.tool.JsonTool,7,1,0,6,15,1,0,5,
com.ntou.tool.RegexpTool,1,1,0,0,2,0,0,0,
com.ntou.tool.ResTool,4,1,0,3,9,6,0,4,
,4.7,1.3,0,2,12.2,7.9,0,3.6,
